,user_name,30_Seconds_to_Mars,65daysofstatic,A_Perfect_Circle,A_Tribe_Called_Quest,ABBA,ACDC,Adele,Aerosmith,Air,Alanis_Morissette,Alice_in_Chains,Amon_Amarth,Amon_Tobin,Amorphis,Anal_Cunt,Anathema,Animal_Collective,Aphex_Twin,Apocalyptica,Arcade_Fire,Arctic_Monkeys,Audioslave,Autechre,Avenged_Sevenfold,Avril_Lavigne,Ayreon,Bad_Religion,Beach_House,Beastie_Boys,Beck,Belle_and_Sebastian,Beyonc,Bjork,Black_Sabbath,Blind_Guardian,Bloc_Party,Blur,Boards_of_Canada,Bob_Dylan,Bob_Marley_and_The_Wailers,Bon_Iver,Bon_Jovi,Bonobo,Brand_New,Breaking_Benjamin,Brian_Eno,Britney_Spears,Broken_Social_Scene,Bruce_Springsteen,Burial,Bush,CHVRCHES,Cake,Calvin_Harris,Carly_Rae_Jepsen,Childish_Gambino,Children_of_Bodom,Cocteau_Twins,Coheed_and_Cambria,Coldplay,Cradle_of_Filth,Creedence_Clearwater_Revival,Crystal_Castles,DJ_Shadow,Daft_Punk,Dark_Tranquillity,Dave_Matthews_Band,David_Bowie,Dead_Can_Dance,Death_Cab_for_Cutie,Death_Grips,Deep_Purple,Deftones,Depeche_Mode,Dire_Straits,Disturbed,Drake,Dream_Theater,Duran_Duran,Eels,Electric_Light_Orchestra,Ellie_Goulding,Elliott_Smith,Elton_John,Eluveitie,Elvis_Presley,Eminem,Ennio_Morricone,Enter_Shikari,Enya,Evanescence,Explosions_in_the_Sky,Faith_No_More,Fall_Out_Boy,Fleet_Foxes,Fleetwood_Mac,Florence__and__the_Machine,Flying_Lotus,Foals,Foo_Fighters,Four_Tet,Frank_Ocean,Frank_Sinatra,Frank_Zappa,Franz_Ferdinand,Garbage,Genesis,God_Is_An_Astronaut,Gojira,Gorillaz,Green_Day,Grimes,Guns_N_Roses,Hans_Zimmer,Howard_Shore,Imagine_Dragons,In_Flames,Incubus,Infected_Mushroom,Interpol,Iron_Maiden,Jay_Z,Jeremy_Soule,Jimi_Hendrix,Jimmy_Eat_World,Johann_Sebastian_Bach,John_Williams,Johnny_Cash,Joy_Division,Judas_Priest,Justice,Kamelot,Kanye_West,Kasabian,Katatonia,Kate_Bush,Katy_Perry,Kendrick_Lamar,King_Crimson,Kings_of_Leon,Korn,Kraftwerk,LCD_Soundsystem,Lady_Gaga,Lana_Del_Rey,Led_Zeppelin,Limp_Bizkit,Linkin_Park,Lorde,Loreena_McKennitt,Ludwig_van_Beethoven,M83,MGMT,Madonna,Marillion,Marilyn_Manson,Marina_and_the_Diamonds,Maroon_5,Martin_ODonnell_and_Michael_Salvatori,Massive_Attack,Mastodon,Megadeth,Metallica,Metric,Michael_Jackson,Michael_Z_Land,Mike_Oldfield,Miles_Davis,Moby,Modest_Mouse,Mogwai,Motorhead,Mumford_and_Sons,Muse,My_Bloody_Valentine,My_Chemical_Romance,NOFX,Neil_Young,Neutral_Milk_Hotel,New_Order,Nick_Cave_and_The_Bad_Seeds,Nickelback,Nightwish,Nine_Inch_Nails,Nirvana,Nujabes,Oasis,Opeth,PJ_Harvey,Panic_at_the_Disco,Pantera,Papa_Roach,Paradise_Lost,Paramore,Pavement,Pearl_Jam,Pendulum,Pet_Shop_Boys,Phoenix,Pink_Floyd,Pixies,Placebo,Porcupine_Tree,Portishead,Portugal_The_Man,Queen,Queens_of_the_Stone_Age,REM,Radiohead,Rage_Against_the_Machine,Rammstein,Ramones,Ratatat,Red_Hot_Chili_Peppers,Regina_Spektor,Rihanna,Rise_Against,Run_the_Jewels,Rush,Royksopp,Scorpions,Shakira,Sia,Sigur_Ros,Simon_and_Garfunkel,Slayer,Slipknot,Slowdive,Snow_Patrol,Soilwork,Sonic_Youth,Soundgarden,Spoon,Sufjan_Stevens,Sum_41,System_of_a_Down,Talking_Heads,Tame_Impala,Taylor_Swift,Tegan_and_Sara,The_Beach_Boys,The_Black_Keys,The_Chemical_Brothers,The_Clash,The_Cranberries,The_Cure,The_Decemberists,The_Doors,The_Flaming_Lips,The_Flashbulb,The_Killers,The_Kinks,The_Knife,The_Mars_Volta,The_Mountain_Goats,The_National,The_Offspring,The_Police,The_Prodigy,The_Rolling_Stones,The_Shins,The_Smashing_Pumpkins,The_Smiths,The_Strokes,The_Velvet_Underground,The_Weeknd,The_White_Stripes,The_Who,The_xx,They_Might_Be_Giants,Thievery_Corporation,Three_Days_Grace,Tom_Waits,Tool,Tori_Amos,Tycho,U2,Ulver,Vampire_Weekend,Vangelis,Venetian_Snares,Weezer,Whitesnake,Wilco,Within_Temptation,Wolfgang_Amadeus_Mozart,Yann_Tiersen,Yeah_Yeah_Yeahs,Yes,ZZ_Top,alt_J,blink_182,deadmau5,Joe_Hisaishi,Kenji_Kawai,Yuki_Kajiura,Nobuo_Uematsu,Yoko_Kanno,Koji_Kondo,tag_alternative,tag_alternative_rock,tag_rock,tag_indie,tag_electronic,tag_classic_rock,tag_british,tag_60s,tag_pop,tag_progressive_rock,tag_psychedelic_rock,tag_psychedelic,tag_house,tag_dance,tag_electronica,tag_techno,tag_seen_live,tag_industrial,tag_industrial_rock,tag_idm,tag_ambient,tag_experimental,tag_britpop,tag_thrash_metal,tag_metal,tag_heavy_metal,tag_hard_rock,tag_80s,tag_glam_rock,tag_funk_rock,tag_funk,tag_nu_metal,tag_soundtrack,tag_video_game_music,tag_instrumental,tag_monkey_island,tag_game_music,tag_70s,tag_grunge,tag_90s,tag_japanese,tag_nintendo,tag_new_wave,tag_synthpop,tag_synth_pop,tag_hip_hop,tag_rap,tag_rnb,tag_kanye_west,tag_indie_rock,tag_chillout,tag_nwobhm,tag_symphonic_metal,tag_power_metal,tag_gothic_metal,tag_female_fronted_metal,tag_punk_rock,tag_punk,tag_pop_punk,tag_alternative_metal,tag_canadian,tag_melodic_death_metal,tag_death_metal,tag_swedish,tag_industrial_metal,tag_german,tag_stoner_rock,tag_progressive_metal,tag_post_punk,tag_female_vocalists,tag_indie_pop,tag_eminem,tag_irish,tag_west_coast,tag_compton,tag_female_vocalist,tag_classical,tag_composers,tag_star_wars,tag_progressive,tag_new_age,tag_blues,tag_icelandic,tag_progressive_death_metal,tag_blues_rock,tag_post_rock,tag_folk,tag_singer_songwriter,tag_8_bit,tag_new_rave,tag_electro,tag_downtempo,tag_trip_hop,tag_ninja_tune,tag_shoegaze,tag_melodic_hardcore,tag_hardcore,tag_emo,tag_doom_metal,tag_depressive_rock,tag_speed_metal,tag_jazz,tag_baroque,tag_political,tag_country,tag_acoustic,tag_norwegian,tag_ariana_grande,tag_american,tag_pop_rock,tag_anime,tag_j_pop,tag_lord_of_the_rings,tag_soul,tag_gothic_rock,tag_gothic,tag_atmospheric,tag_big_beat,tag_sludge,tag_sludge_metal,tag_freak_folk,tag_drum_and_bass,tag_drum_n_bass,tag_dnb,tag_surf,tag_disco,tag_jazz_hop,tag_experimental_rap,tag_experimental_hip_hop,tag_classic,tag_piano,tag_progressive_house,tag_minimal,tag_britney_spears,tag_legend,tag_guitar,tag_final_fantasy,tag_metalcore,tag_math_rock,tag_viking_metal,tag_dream_pop,tag_australian,tag_southern_rock,tag_electropop,tag_turntablism,tag_swing,tag_oldies,tag_vocal_jazz,tag_easy_listening,tag_trumpet,tag_fusion,tag_bebop,tag_romantic,tag_new_zealand,tag_french,tag_randb,tag_ofwgkta,tag_british_invasion,tag_groove_metal,tag_grindcore,tag_noisecore,tag_noisegrind,tag_comedy,tag_black_metal,tag_avant_garde,tag_composer,tag_italian,tag_dubstep,tag_celtic,tag_alt_country,tag_finnish,tag_lounge,tag_prog_rnb,tag_lo_fi,tag_ska_punk,tag_ska,tag_breakcore,tag_instrumental_hip_hop,tag_psytrance,tag_trance,tag_goa,tag_folk_metal,tag_pagan_metal,tag_celtic_metal,tag_celtic_folk_metal,tag_folk_rock,tag_ethereal,tag_elephant_6,tag_post_hardcore,tag_trancecore,tag_nintendocore,tag_jam,tag_acoustic_rock,tag_orchestral,tag_melodic_metal,tag_ost,tag_rock_n_roll,tag_rock_and_roll,tag_proto_punk,tag_halo,tag_game_soundtracks,tag_geek_rock,tag_east_coast_rap,tag_jay_z,tag_shoegazer,tag_hair_metal,tag_rapcore,tag_underground_hip_hop,tag_symphonic_black_metal,tag_darkwave,tag_world,tag_latin,tag_spanish,Like_The_Beatles
0,thegiant,1,,,,,,11,1,,2,,,,,,,,,,,,,,,1,,,,,,,,,,,,,3,,,,,1,,,,,,,,,,,,,,,,,,,,,1,475,,,8,,,,,,,,,,,1,,,,,7,,,,,,,1,,,5,,1,,,,,,,2,,,,8,,,,,,,,,,,,,,,,,,,,12,,,,,,,,,,,,,,,,,,,,,,,1,,1,,,,,,,,1,,,42,,28,,,,3,,,,,,,,,,,,,,22,,,,,,,,,,,1,,,,2,,,,,,,,20,,,,,,,,,,,,,,2,,,,,,,,,,,,,,,,,,,,,7,1,,,,,,,,,,,,,,,,,,,,,,,,,,,,90,2,,,,,3,111,,,,,26,,,,,,,,,,,,,,,,,,10.0,2.0,19.0,6.0,10.0,8.0,1.0,1.0,9.0,1.0,0.0,0.0,1.0,2.0,6.0,1.0,1.0,0.0,0.0,2.0,4.0,0.0,0.0,1.0,2.0,1.0,3.0,7.0,2.0,0.0,1.0,0.0,1.0,0.0,1.0,0.0,0.0,2.0,0.0,0.0,0.0,0.0,2.0,1.0,1.0,1.0,0.0,0.0,0.0,2.0,6.0,0.0,1.0,1.0,1.0,1.0,0.0,1.0,2.0,0.0,1.0,0.0,0.0,0.0,0.0,0.0,0.0,0.0,0.0,6.0,0.0,0.0,1.0,0.0,0.0,0.0,1.0,1.0,1.0,1.0,1.0,2.0,0.0,0.0,1.0,1.0,1.0,3.0,0.0,0.0,0.0,3.0,3.0,1.0,1.0,0.0,0.0,3.0,0.0,0.0,0.0,1.0,0.0,0.0,0.0,0.0,1.0,0.0,0.0,1.0,0.0,0.0,0.0,2.0,1.0,1.0,0.0,0.0,0.0,0.0,0.0,0.0,0.0,0.0,1.0,0.0,0.0,0.0,0.0,0.0,1.0,0.0,0.0,0.0,0.0,0.0,0.0,0.0,0.0,0.0,0.0,0.0,0.0,0.0,1.0,1.0,1.0,1.0,1.0,0.0,0.0,0.0,0.0,0.0,0.0,0.0,0.0,0.0,0.0,0.0,0.0,0.0,0.0,0.0,0.0,0.0,0.0,0.0,1.0,0.0,0.0,1.0,0.0,0.0,0.0,0.0,0.0,0.0,0.0,0.0,0.0,0.0,0.0,0.0,0.0,0.0,1.0,0.0,0.0,0.0,0.0,0.0,0.0,0.0,0.0,0.0,0.0,0.0,0.0,0.0,0.0,1.0,0.0,0.0,0.0,0.0,0.0,0.0,0.0,0.0,0.0,0.0,0.0,True
1,nezter,,,,,,,,,3,4,,,5,,,,877,,,23,23,,,,,,,6,,32,,,,,,41,1,,,1,32,,3,2,,,,8,1,1,,4,1,11,,,,,2,1,,1,73,3,5,,,1,,22,,,,,,,1,,,1,,,,,,1,,1,,,,1,,,11,,2,2,15,,1,2,,,5,4,,,,129,,15,,,,29,,,,,,1,,,,,,,10,,20,,1,1,,,,,,14,,1,2,,1,,,,,,,41,22,,,,,,,7,,,,9,2,,,,259,20,,,3,1,,,,1,,2,,,,,,,1,,2,,,,,18,,1,,,38,,,,,3,42,,4,,4,,,,2,,,,,18,,11,,3,,,2,,,,,,3,,21,,,,,6,,,,245,,,,,5,,1,,1,,25,,,13,,,,2,19,,,7,,,447,,20,,2,,,,,1,,,8,,,,,3,,,,63,,,27,,4,,,,,,,45.0,10.0,39.0,53.0,30.0,7.0,11.0,2.0,5.0,1.0,1.0,3.0,2.0,5.0,12.0,1.0,36.0,0.0,0.0,3.0,5.0,8.0,3.0,0.0,0.0,0.0,1.0,5.0,1.0,0.0,1.0,0.0,1.0,0.0,4.0,0.0,0.0,0.0,1.0,1.0,0.0,0.0,2.0,3.0,0.0,8.0,4.0,4.0,1.0,31.0,6.0,0.0,0.0,0.0,0.0,0.0,0.0,0.0,1.0,0.0,5.0,0.0,0.0,1.0,0.0,1.0,1.0,0.0,4.0,11.0,8.0,0.0,0.0,0.0,0.0,0.0,1.0,0.0,0.0,1.0,0.0,2.0,0.0,0.0,1.0,3.0,8.0,8.0,1.0,1.0,6.0,4.0,5.0,2.0,1.0,0.0,0.0,2.0,0.0,0.0,0.0,0.0,0.0,0.0,0.0,3.0,1.0,1.0,1.0,0.0,0.0,0.0,0.0,2.0,0.0,0.0,0.0,0.0,0.0,0.0,1.0,0.0,0.0,0.0,0.0,1.0,0.0,0.0,0.0,0.0,0.0,1.0,1.0,0.0,0.0,0.0,0.0,0.0,1.0,0.0,2.0,1.0,1.0,1.0,1.0,0.0,1.0,0.0,0.0,0.0,0.0,0.0,0.0,0.0,2.0,1.0,1.0,0.0,0.0,0.0,0.0,0.0,0.0,0.0,0.0,1.0,1.0,1.0,0.0,1.0,0.0,1.0,0.0,1.0,0.0,0.0,0.0,1.0,0.0,0.0,0.0,0.0,0.0,0.0,0.0,2.0,0.0,0.0,0.0,0.0,0.0,0.0,0.0,0.0,0.0,0.0,1.0,1.0,0.0,0.0,0.0,0.0,1.0,1.0,0.0,0.0,0.0,1.0,0.0,0.0,0.0,1.0,1.0,False
2,augustohp,,52,502,,1,452,1,215,14,47,8,22,3,229,,22,,50,47,1,1,18,2,65,,2190,,,159,3,1,1,50,673,1596,3,2,4,38,5,3,662,120,2,69,50,3,,19,1,,2,11,1,1,,129,,623,4,,,2,1,324,27,3,21,,2,,24,5,1,4,1007,,1000,,,81,2,,4,1,9,3,7,2,13,1,13,61,4,,2,1,3,1,12,2,3,15,3,1,4,29,783,15,4,2,,80,123,5,20,2146,5,75,,258,1,60,27,,44,34,6,,168,,4300,3,1,417,,1,,,2,3,1,3,,,75,37,261,60,,28,5,1,4,16,37,1,2,,3,987,406,299,,1,,6,44,8,2,39,51,2,35,,4,1,3,,1,3,3,158,23,9,,3,1257,,,196,830,110,14,,6,237,2,,47,4,3,737,5,1,105,54,1,20,182,123,8,,14,1,1,17,,357,10,16,1,,11,28,141,67,,2,1585,2,4,1,,,30,2,3,,,35,37,1,18,204,1,,12,1,3,15,,,19,,7,6,13,5,45,2,1,1,2,,1,12,5,6,,2,5,3,3118,,5,169,,5,4,3,5,3,6,4,39,10,3,4,31,3,1,11,204,15,,86,1,,90.0,35.0,114.0,57.0,46.0,37.0,19.0,4.0,20.0,18.0,3.0,7.0,2.0,9.0,17.0,3.0,57.0,4.0,1.0,8.0,14.0,17.0,4.0,4.0,43.0,13.0,25.0,20.0,2.0,1.0,2.0,8.0,9.0,2.0,15.0,0.0,2.0,6.0,6.0,3.0,4.0,0.0,7.0,4.0,1.0,10.0,4.0,6.0,1.0,29.0,7.0,2.0,6.0,5.0,4.0,2.0,8.0,9.0,4.0,1.0,4.0,7.0,9.0,5.0,2.0,3.0,1.0,11.0,7.0,22.0,9.0,1.0,3.0,0.0,0.0,0.0,8.0,5.0,1.0,8.0,2.0,7.0,2.0,2.0,2.0,6.0,7.0,12.0,1.0,1.0,4.0,4.0,5.0,2.0,1.0,1.0,3.0,4.0,4.0,1.0,4.0,4.0,1.0,1.0,1.0,4.0,1.0,1.0,1.0,2.0,3.0,1.0,1.0,4.0,1.0,2.0,1.0,1.0,1.0,1.0,0.0,1.0,1.0,1.0,1.0,2.0,0.0,0.0,0.0,2.0,5.0,1.0,1.0,1.0,1.0,2.0,1.0,1.0,2.0,1.0,0.0,1.0,1.0,1.0,1.0,1.0,2.0,1.0,1.0,1.0,1.0,1.0,1.0,1.0,1.0,1.0,1.0,0.0,1.0,0.0,0.0,0.0,0.0,0.0,0.0,1.0,1.0,2.0,1.0,1.0,2.0,1.0,1.0,0.0,1.0,1.0,2.0,1.0,1.0,1.0,1.0,1.0,1.0,1.0,1.0,1.0,0.0,0.0,1.0,1.0,1.0,1.0,1.0,1.0,1.0,1.0,1.0,1.0,0.0,0.0,0.0,0.0,1.0,1.0,0.0,2.0,1.0,0.0,0.0,0.0,0.0,1.0,1.0,True
3,stalphonzo,,,,,,6,,,,,,,,,,,9,,,2,2,,,,,,,13,,,,,1,5,,,2,,22,,2,,,,,,,,,,,,,,,,,,,7,,1,,,,,,6,,,3,1,,,,,,,,,,,,,,1,,,,1,,,,,17,15,,,,2,,,,2,,,,,,,1,,16,,,,,,,,1,,,,,,,,14,,,,,,,3,,11,2,,1,,,,,,,,,,,,,,,,,,,,,,10,,,,,26,,3,,1,,,,,,,,9,,,,1,,,,,12,,,,,,,2,,,,3,,,,,,,8,11,,,,,,29,,,,,,,,,,2,,7,,,,,,,,23,,,9,2,,,20,3,,,,,,1,,,,8,9,,,,,,,1,4,,,,,,,,1,5,,,2,,,,,,7,,,,,,,,,,,,,,,,,,,,,25.0,6.0,33.0,19.0,5.0,15.0,5.0,5.0,3.0,4.0,3.0,3.0,0.0,0.0,1.0,0.0,18.0,1.0,1.0,0.0,2.0,6.0,2.0,2.0,8.0,7.0,8.0,6.0,1.0,1.0,1.0,1.0,0.0,0.0,0.0,0.0,0.0,1.0,2.0,1.0,0.0,0.0,3.0,1.0,0.0,2.0,2.0,0.0,0.0,10.0,0.0,1.0,0.0,0.0,0.0,0.0,1.0,1.0,1.0,0.0,1.0,0.0,0.0,1.0,0.0,0.0,1.0,0.0,4.0,4.0,3.0,0.0,1.0,1.0,1.0,0.0,0.0,0.0,0.0,1.0,1.0,5.0,2.0,0.0,1.0,1.0,4.0,5.0,0.0,0.0,1.0,0.0,0.0,0.0,0.0,0.0,0.0,0.0,0.0,0.0,2.0,2.0,0.0,0.0,0.0,1.0,0.0,0.0,0.0,0.0,0.0,0.0,0.0,0.0,0.0,0.0,0.0,0.0,0.0,0.0,1.0,0.0,0.0,0.0,1.0,0.0,0.0,1.0,1.0,0.0,0.0,0.0,0.0,0.0,0.0,0.0,0.0,0.0,0.0,0.0,1.0,1.0,1.0,0.0,0.0,0.0,1.0,0.0,0.0,1.0,1.0,1.0,0.0,0.0,0.0,0.0,0.0,1.0,0.0,0.0,0.0,0.0,0.0,0.0,0.0,0.0,0.0,0.0,1.0,0.0,0.0,0.0,0.0,1.0,0.0,0.0,0.0,0.0,0.0,0.0,0.0,0.0,0.0,0.0,0.0,1.0,0.0,0.0,0.0,0.0,0.0,0.0,0.0,0.0,0.0,0.0,1.0,1.0,0.0,0.0,0.0,1.0,0.0,0.0,0.0,0.0,0.0,0.0,0.0,0.0,0.0,0.0,0.0,True
4,davenall,,,,,,,,,,,,,,,,,,,,,,,,,,,,,,,,,,,,,,,,,,,,,,,,,,,,,,,,5,,,,,,,,,,,,,,,,,,,,,1,,,,,,,,,,,,,,,,,,,,,,,,,,,,,,,,,,,,,,,,,,,,,,,,,,,,,,,,1,,,,,,,,,,,,,,,,,,,,,,,,,,,,,,,,,,,,,,,,,,,,,,,,,,,,,,,,,,,,,,,,,,,,,,,,,,,,,,,,,,,,,,,,,,,,,,,,,,,,,,,,,,,,,,,,,,,,,,,,,,,,,,,,,,,,,,,,,,,,,,,,,,,,,,,,,,,,,,,,,,,,,,,0.0,0.0,0.0,0.0,0.0,0.0,0.0,0.0,0.0,0.0,0.0,0.0,0.0,0.0,0.0,0.0,0.0,0.0,0.0,0.0,0.0,0.0,0.0,0.0,0.0,0.0,0.0,0.0,0.0,0.0,0.0,0.0,0.0,0.0,0.0,0.0,0.0,0.0,0.0,0.0,0.0,0.0,0.0,0.0,0.0,2.0,2.0,2.0,1.0,0.0,0.0,0.0,0.0,0.0,0.0,0.0,0.0,0.0,0.0,0.0,1.0,0.0,0.0,0.0,0.0,0.0,0.0,0.0,0.0,0.0,0.0,0.0,0.0,0.0,0.0,0.0,0.0,0.0,0.0,0.0,0.0,0.0,0.0,0.0,0.0,0.0,0.0,0.0,0.0,0.0,0.0,0.0,0.0,0.0,0.0,0.0,0.0,0.0,0.0,0.0,0.0,0.0,0.0,0.0,0.0,0.0,0.0,0.0,0.0,0.0,0.0,0.0,0.0,0.0,0.0,0.0,0.0,0.0,0.0,0.0,0.0,0.0,0.0,0.0,0.0,0.0,0.0,0.0,0.0,0.0,0.0,0.0,0.0,0.0,0.0,0.0,0.0,0.0,0.0,0.0,0.0,0.0,0.0,0.0,0.0,0.0,0.0,0.0,0.0,0.0,0.0,0.0,0.0,0.0,0.0,0.0,0.0,0.0,0.0,0.0,0.0,0.0,0.0,0.0,0.0,0.0,0.0,0.0,0.0,0.0,0.0,0.0,0.0,0.0,0.0,0.0,0.0,0.0,0.0,0.0,0.0,0.0,0.0,0.0,0.0,0.0,0.0,0.0,0.0,0.0,0.0,0.0,0.0,0.0,0.0,0.0,0.0,0.0,0.0,0.0,0.0,0.0,0.0,0.0,0.0,0.0,0.0,0.0,0.0,0.0,0.0,0.0,0.0,False
5,Andy_Greenwell,,,,,,,,,,,,10,,,,,,,,,,,,,,,,,,,,,,,,,,,,,,,,,,,,,,,,,,,,,,,,,,,,,,1,,1,,,,,,1,,,,,,,,,,,129,,,,,,,,,,,,,,,,,,,,,,,,,,,,,,,,,,,,,,,,,,,,,,,2,,,,,,,,,,6,,,,,,,,,,,1,,,,,2,,,,,,,,,,,,,,,,,,,,,,,,,1,,26,,,,,,2,,,,,,2,,,,,31,,,,,,,,,,,,,,,,,,3,,,,,,1,1,,,,,,,,,,1,,,,,,,,,,,,,,,,,,,,1,,,,,,,,,,,,,,,,,,,,,,,,,,,,,,,,1,,,,,,,,,,,7.0,4.0,7.0,2.0,5.0,2.0,1.0,0.0,1.0,1.0,0.0,1.0,0.0,0.0,2.0,0.0,6.0,0.0,0.0,0.0,1.0,0.0,0.0,2.0,6.0,3.0,0.0,3.0,1.0,0.0,0.0,1.0,0.0,0.0,0.0,0.0,0.0,0.0,1.0,1.0,0.0,0.0,2.0,2.0,1.0,0.0,0.0,0.0,0.0,0.0,1.0,0.0,2.0,3.0,1.0,1.0,1.0,1.0,0.0,0.0,0.0,3.0,2.0,2.0,0.0,1.0,0.0,1.0,1.0,0.0,1.0,0.0,0.0,0.0,0.0,0.0,0.0,0.0,0.0,1.0,0.0,0.0,0.0,0.0,0.0,0.0,0.0,0.0,0.0,0.0,1.0,0.0,0.0,0.0,0.0,0.0,0.0,0.0,0.0,0.0,1.0,0.0,0.0,0.0,0.0,0.0,1.0,0.0,0.0,1.0,0.0,0.0,0.0,0.0,0.0,0.0,0.0,0.0,0.0,0.0,0.0,1.0,1.0,1.0,0.0,0.0,0.0,0.0,0.0,0.0,0.0,0.0,0.0,0.0,0.0,0.0,0.0,0.0,0.0,1.0,0.0,0.0,0.0,0.0,0.0,0.0,0.0,0.0,0.0,0.0,0.0,0.0,0.0,0.0,0.0,0.0,0.0,0.0,1.0,0.0,0.0,0.0,0.0,0.0,0.0,0.0,0.0,0.0,0.0,0.0,0.0,0.0,0.0,0.0,0.0,0.0,0.0,0.0,0.0,0.0,0.0,1.0,1.0,1.0,1.0,0.0,0.0,0.0,0.0,0.0,0.0,0.0,0.0,0.0,1.0,0.0,0.0,0.0,0.0,0.0,0.0,0.0,0.0,0.0,0.0,0.0,0.0,0.0,0.0,0.0,0.0,0.0,0.0,True
6,lilyean,,,,,,,,,,,,,,,,,,,,,,,,,,,,,,,,,,,,,96,,,,,,,,,,,,,,,,,,,23,,,,,,,,,2,,,,,,127,,,,,,33,,,,,,,,,,,,,,,,,,,,,,,,,,,,,,,,,812,,,,,,,,,,,,,,,,,,,,,,,8,5,,,,51,,6,,,,,,,,,,,,,,,,,,,,,,,,,,,,,,,,,,,,,,,,,,,,,,,,,,,,,,,,,,,,,,,,,,,,,,,,,,,,,,,,,,,,,,,,,,,,,,,,,,,,,,,,,,,,,,,,,,,,,,,,,,,,,,,,,,,,,,,,,,,,,,,,,,,,,,,,,,,,,,,,4.0,0.0,4.0,4.0,2.0,0.0,2.0,0.0,0.0,0.0,0.0,0.0,1.0,1.0,1.0,1.0,2.0,0.0,0.0,0.0,0.0,1.0,1.0,0.0,0.0,0.0,0.0,0.0,0.0,0.0,0.0,0.0,0.0,0.0,0.0,0.0,0.0,0.0,0.0,0.0,0.0,0.0,0.0,0.0,0.0,5.0,4.0,2.0,1.0,2.0,0.0,0.0,0.0,0.0,0.0,0.0,0.0,0.0,0.0,0.0,1.0,0.0,0.0,0.0,0.0,0.0,0.0,0.0,0.0,0.0,0.0,0.0,0.0,1.0,1.0,0.0,0.0,0.0,0.0,0.0,0.0,0.0,0.0,0.0,0.0,0.0,0.0,0.0,0.0,0.0,0.0,0.0,0.0,0.0,0.0,0.0,0.0,0.0,0.0,0.0,0.0,0.0,0.0,0.0,0.0,0.0,0.0,0.0,0.0,0.0,0.0,0.0,0.0,0.0,0.0,0.0,0.0,0.0,0.0,0.0,0.0,0.0,0.0,0.0,0.0,0.0,0.0,1.0,1.0,0.0,0.0,0.0,0.0,0.0,0.0,0.0,0.0,0.0,0.0,0.0,0.0,0.0,0.0,0.0,0.0,0.0,0.0,0.0,0.0,0.0,0.0,0.0,0.0,0.0,0.0,0.0,0.0,0.0,0.0,0.0,0.0,0.0,0.0,0.0,0.0,0.0,0.0,0.0,0.0,0.0,0.0,0.0,0.0,0.0,0.0,0.0,0.0,0.0,0.0,0.0,0.0,0.0,0.0,0.0,0.0,0.0,0.0,0.0,0.0,0.0,0.0,0.0,0.0,0.0,0.0,0.0,0.0,0.0,0.0,0.0,0.0,0.0,0.0,0.0,0.0,0.0,0.0,0.0,0.0,0.0,0.0,0.0,0.0,False
7,absentbebnim,,,,,,,,,,,,,,,,,,,,,,,,,,,,,,,,,,,,,,,,,,,,,,,,,,,,,,,,,,,,,,,,,,,,,,,,,,,,,,,,,,,,,,,,,,,,,,,,,,,,,,,,,,,,,,,,,,,,,,,,,,,,,,,,,,,,,,,,,,,,,,,,,,,,3,1,,,,,,,,,,,,,,,,,,,,,,,,,,,,,,,,,,,,,,,,,,,,,,,,,,,,,,,,,,,,,,,,,,,,,,,,,,,,,,,,,,,,,,,,,,,,,,,,,,,,,,2,,,,,,,,,,,,,,,,,,,,,,,,,,,,,,,,,,,,,,,,,,,,,,,,,2.0,2.0,2.0,2.0,1.0,0.0,0.0,0.0,1.0,0.0,0.0,0.0,0.0,0.0,0.0,0.0,0.0,0.0,0.0,0.0,0.0,0.0,0.0,0.0,1.0,0.0,0.0,0.0,0.0,0.0,0.0,1.0,0.0,0.0,0.0,0.0,0.0,0.0,0.0,0.0,0.0,0.0,0.0,0.0,0.0,0.0,0.0,0.0,0.0,1.0,0.0,0.0,0.0,0.0,0.0,0.0,0.0,0.0,0.0,0.0,0.0,0.0,0.0,0.0,0.0,0.0,0.0,0.0,0.0,0.0,1.0,0.0,0.0,0.0,0.0,0.0,0.0,0.0,0.0,0.0,0.0,0.0,0.0,0.0,0.0,0.0,0.0,0.0,0.0,0.0,0.0,0.0,0.0,0.0,0.0,0.0,0.0,0.0,0.0,0.0,0.0,0.0,0.0,0.0,0.0,0.0,0.0,0.0,0.0,0.0,0.0,0.0,0.0,0.0,0.0,0.0,0.0,0.0,0.0,0.0,0.0,0.0,0.0,0.0,0.0,0.0,0.0,0.0,0.0,0.0,0.0,0.0,0.0,0.0,0.0,0.0,0.0,0.0,0.0,0.0,0.0,0.0,0.0,0.0,0.0,0.0,0.0,0.0,0.0,0.0,0.0,0.0,0.0,1.0,0.0,0.0,0.0,0.0,0.0,0.0,0.0,0.0,0.0,0.0,0.0,0.0,0.0,0.0,0.0,0.0,0.0,0.0,0.0,0.0,0.0,0.0,0.0,0.0,0.0,0.0,0.0,0.0,0.0,0.0,0.0,0.0,0.0,0.0,0.0,0.0,0.0,0.0,0.0,0.0,0.0,0.0,0.0,0.0,0.0,0.0,0.0,0.0,0.0,0.0,0.0,0.0,0.0,0.0,0.0,0.0,0.0,0.0,0.0,False
8,adherr,,,,,,,,,,,,,,,,,,,,,,,,,,,,,,,,,,,,,,,2,,,,,,,,,,,,,,,,,,,,,,,,,,,,,1,,23,,,,,1,,,,,,,,,1,,1,,,,,,,,,,,,,,,,,,,,,,,,,,,,,,,,,,,,,,,,,,1,,,,,,,,,,,,,,,,,,,,,,,,,,,,,,,,,,,,,,,,,,,,,,,,,,,,,1,,,,,,,,,,,,,,,,,,,,,,,,,1,,,,,,,,,,,,,,,,,,,1,,,,,,,,,,,,1,,,,,,,1,,,1,,,,,,,,,,,,,1,12,,,,1,,,1,,,,,105,,,,,,12,,,,,,,,,,,,,,,,,,,,,9.0,1.0,15.0,4.0,0.0,11.0,3.0,2.0,1.0,0.0,0.0,1.0,0.0,0.0,0.0,0.0,4.0,0.0,0.0,0.0,0.0,1.0,0.0,0.0,0.0,0.0,2.0,4.0,2.0,0.0,0.0,0.0,0.0,0.0,0.0,0.0,0.0,0.0,0.0,0.0,0.0,0.0,1.0,0.0,0.0,0.0,0.0,0.0,0.0,4.0,0.0,0.0,0.0,0.0,0.0,0.0,1.0,1.0,0.0,0.0,0.0,0.0,0.0,0.0,0.0,0.0,0.0,0.0,2.0,0.0,2.0,0.0,0.0,0.0,0.0,0.0,0.0,0.0,0.0,0.0,0.0,3.0,0.0,0.0,0.0,0.0,3.0,5.0,0.0,0.0,0.0,0.0,0.0,0.0,0.0,0.0,0.0,0.0,0.0,0.0,0.0,0.0,0.0,0.0,1.0,1.0,0.0,0.0,0.0,0.0,0.0,0.0,0.0,0.0,0.0,0.0,0.0,0.0,0.0,0.0,0.0,0.0,0.0,0.0,0.0,0.0,0.0,0.0,0.0,0.0,1.0,0.0,0.0,0.0,0.0,1.0,0.0,0.0,0.0,0.0,0.0,0.0,0.0,0.0,0.0,0.0,1.0,0.0,0.0,0.0,0.0,0.0,0.0,0.0,0.0,0.0,0.0,0.0,0.0,0.0,0.0,0.0,0.0,0.0,0.0,0.0,0.0,0.0,0.0,0.0,0.0,0.0,0.0,0.0,0.0,0.0,0.0,0.0,0.0,0.0,0.0,0.0,0.0,0.0,0.0,0.0,0.0,0.0,0.0,0.0,0.0,0.0,0.0,0.0,0.0,0.0,1.0,1.0,1.0,0.0,0.0,0.0,0.0,0.0,0.0,0.0,0.0,0.0,0.0,0.0,0.0,0.0,0.0,False
9,auserzz,,,,,,,25,,,,,,,,,,,,,,,,,,15,,,,,,,9,,,,,,,,,,3,,,,,10,,,,,,,17,,3,,,,5,,,,,,,,,,,,,,,,,90,,,,,2,,,,,3,,,,,,,,,,,,,,,8,,,,,,,,,,,,,,10,,,,,,3,,,,,,,,,,,6,,,,132,38,,,,,,20,4,,,,6,,,,,20,,,,17,,,,,,,,,,,,,,,,,,,,,,,,,,,,,,,,,,,,4,,,,,,,,,,,2,,,,,,,,,,,130,,,,,,4,6,,,,,,,,,,,,,,,,63,,,,,,,,,,,,3,,,,,,,,,,,,,,,25,,,,,,,,,,,,,,,,,,,,,,,,,,,,,,,,,,6.0,3.0,9.0,10.0,6.0,1.0,2.0,0.0,13.0,0.0,0.0,0.0,0.0,5.0,0.0,0.0,3.0,0.0,0.0,0.0,0.0,1.0,1.0,0.0,0.0,0.0,1.0,2.0,0.0,0.0,0.0,0.0,0.0,0.0,0.0,0.0,0.0,0.0,0.0,0.0,0.0,0.0,0.0,0.0,0.0,8.0,5.0,6.0,1.0,3.0,1.0,0.0,0.0,0.0,0.0,0.0,0.0,0.0,1.0,0.0,3.0,0.0,0.0,0.0,0.0,0.0,0.0,0.0,0.0,14.0,4.0,1.0,0.0,1.0,1.0,1.0,0.0,0.0,0.0,1.0,0.0,0.0,0.0,0.0,0.0,0.0,0.0,2.0,0.0,0.0,1.0,1.0,1.0,0.0,0.0,0.0,0.0,1.0,0.0,0.0,0.0,0.0,0.0,0.0,1.0,1.0,0.0,0.0,0.0,3.0,0.0,0.0,0.0,3.0,0.0,0.0,0.0,0.0,0.0,0.0,0.0,0.0,0.0,0.0,0.0,1.0,0.0,0.0,0.0,0.0,0.0,0.0,0.0,1.0,1.0,0.0,0.0,0.0,0.0,0.0,0.0,0.0,0.0,0.0,0.0,0.0,0.0,0.0,0.0,0.0,0.0,0.0,0.0,1.0,0.0,1.0,1.0,0.0,0.0,0.0,0.0,0.0,0.0,0.0,0.0,0.0,0.0,1.0,0.0,0.0,0.0,0.0,1.0,0.0,0.0,0.0,0.0,0.0,0.0,0.0,0.0,0.0,0.0,0.0,0.0,0.0,0.0,0.0,0.0,0.0,0.0,0.0,0.0,0.0,0.0,0.0,0.0,0.0,0.0,0.0,0.0,0.0,1.0,1.0,0.0,1.0,0.0,0.0,0.0,0.0,0.0,1.0,1.0,False
